1,"osm_id","osm_id"
2,"z_order","z_order"
3,"way_area","way_area"
4,"historic","historic"
5,"sport","sport"
6,"place","place"
7,"landuse","landuse"
8,"harbour","harbour"
9,"aeroway","aeroway"
10,"toilets:num_chambers","toilets_nu"
11,"tourism","tourism"
12,"building:condition","building_c"
13,"building:structure","building_s"
14,"building:levels","building_l"
15,"building:material","building_m"
16,"amenity","amenity"
17,"soft_storey","soft_store"
18,"leisure","leisure"
19,"vertical_irregularity","vertical_i"
20,"dump:official","dump_offic"
21,"source","source"
22,"soft_storey:direction","soft_sto_1"
23,"wetland","wetland"
24,"shop","shop"
25,"building","building"
26,"water","water"
27,"name","name"
28,"waterway","waterway"
29,"addr:street","addr_stree"
30,"power","power"
31,"building:use","building_u"
32,"man_made","man_made"
33,"start_date","start_date"
34,"natural","natural"
35,"military","military"
36,"addr:housenumber","addr_house"
